collection_slot_utc,fetched_at_utc,fetched_at_local,source_time,station_code,station_name,latitude,longitude,elevation_m,data_available,observation_count,Air Temperature (1.2m) [C],Air Temperature (5cm) [C],Extreme Day Max. Temp. [C],Extreme Day Min. Temp. [C],Wind Speed (10m) [Knots],Wind Speed (2m) [Knots],Direct Solar Radiation [W/m2],Global Radiation [W/m2],Wind Direction (10m) [Deg.],Rec. Light Work Load [%],Rec. Medium Work Load [%],Rec. Heavy Work Load [%],Relative Humidity (1.2m) [%],Accumulated Rainfall (10 min.) [mm],Atmospheric Pressure (Station Level) [hPa],24HR Rain Total [mm],Wind Speed (10m) [m/s],Wind Speed (2m) [m/s],other_observations_json
2026-07-27T14:00:00+00:00,2026-07-27T14:01:03.208902+00:00,2026-07-27T14:01:03.208902+00:00,2026-07-27 16:50 (Local Time),ZYGI,,,,,1,9,29.8,35.0,34.3,18.6,6.1,2.3,,,202.0,,,,63.0,0.0,,,3.138108,,
2026-07-27T15:20:00+00:00,2026-07-27T15:20:45.659008+00:00,2026-07-27T15:20:45.659008+00:00,2026-07-27 18:10 (Local Time),ZYGI,,,,,1,9,29.1,32.6,34.3,18.6,5.0,1.3,,,177.0,,,,65.0,0.0,,,2.57222,,
2026-07-27T17:10:00+00:00,2026-07-27T17:10:45.025144+00:00,2026-07-27T17:10:45.025144+00:00,2026-07-27 20:00 (Local Time),ZYGI,,,,,1,9,26.4,26.6,34.3,18.6,1.5,0.1,,,140.0,,,,69.0,0.0,,,0.771666,,
2026-07-27T18:40:00+00:00,2026-07-27T18:46:34.634532+00:00,2026-07-27T18:46:34.634532+00:00,2026-07-27 21:40 (Local Time),ZYGI,,,,,1,9,23.4,23.6,24.3,23.4,1.3,0.2,,,25.0,,,,76.0,0.0,,,0.668777,,
2026-07-27T20:00:00+00:00,2026-07-27T20:09:49.407489+00:00,2026-07-27T20:09:49.407489+00:00,2026-07-27 23:00 (Local Time),ZYGI,,,,,1,9,21.9,21.9,24.3,21.8,1.7,0.1,,,345.0,,,,74.0,0.0,,,0.874555,,
2026-07-27T21:20:00+00:00,2026-07-27T21:29:23.171522+00:00,2026-07-27T21:29:23.171522+00:00,2026-07-28 00:20 (Local Time),ZYGI,,,,,1,9,22.1,21.0,24.3,21.3,1.3,0.0,,,8.0,,,,58.0,0.0,,,0.668777,,
2026-07-27T22:30:00+00:00,2026-07-27T22:35:55.398417+00:00,2026-07-27T22:35:55.398417+00:00,2026-07-28 01:30 (Local Time),ZYGI,,,,,1,9,20.5,19.6,24.3,20.4,1.3,0.3,,,338.0,,,,60.0,0.0,,,0.668777,,
2026-07-27T23:40:00+00:00,2026-07-27T23:40:27.310979+00:00,2026-07-27T23:40:27.310979+00:00,2026-07-28 02:30 (Local Time),ZYGI,,,,,1,9,19.5,19.1,24.3,19.5,1.4,0.2,,,336.0,,,,63.0,0.0,,,0.720222,,
2026-07-28T01:00:00+00:00,2026-07-28T01:02:59.564867+00:00,2026-07-28T01:02:59.564867+00:00,2026-07-28 03:50 (Local Time),ZYGI,,,,,1,9,19.7,19.0,24.3,18.5,1.7,0.4,,,322.0,,,,56.0,0.0,,,0.874555,,
2026-07-28T04:10:00+00:00,2026-07-28T04:17:58.270666+00:00,2026-07-28T04:17:58.270666+00:00,2026-07-28 07:10 (Local Time),ZYGI,,,,,1,9,21.0,21.2,24.3,17.5,1.5,0.1,,,305.0,,,,56.0,0.0,,,0.771666,,
2026-07-28T06:40:00+00:00,2026-07-28T06:46:06.865370+00:00,2026-07-28T06:46:06.865370+00:00,2026-07-28 09:40 (Local Time),ZYGI,,,,,1,9,31.8,39.4,32.2,17.5,4.5,1.5,,,183.0,,,,32.0,0.0,,,2.314998,,
2026-07-28T09:20:00+00:00,2026-07-28T09:28:05.971534+00:00,2026-07-28T09:28:05.971534+00:00,2026-07-28 12:20 (Local Time),ZYGI,,,,,1,9,32.6,42.8,33.5,17.5,3.1,1.3,,,180.0,,,,35.0,0.0,,,1.594776,,
2026-07-28T11:30:00+00:00,2026-07-28T11:37:11.939937+00:00,2026-07-28T11:37:11.939937+00:00,2026-07-28 14:30 (Local Time),ZYGI,,,,,1,9,36.5,46.0,37.2,17.5,3.5,1.4,,,217.0,,,,30.0,0.0,,,1.800554,,
2026-07-28T13:10:00+00:00,2026-07-28T13:16:37.034686+00:00,2026-07-28T13:16:37.034686+00:00,2026-07-28 16:10 (Local Time),ZYGI,,,,,1,9,32.6,40.9,37.2,17.5,3.2,1.2,,,231.0,,,,58.0,0.0,,,1.646221,,
2026-07-28T15:30:00+00:00,2026-07-28T15:36:34.051595+00:00,2026-07-28T15:36:34.051595+00:00,2026-07-28 18:30 (Local Time),ZYGI,,,,,1,9,29.7,32.4,37.2,17.5,2.5,1.6,,,222.0,,,,68.0,0.0,,,1.28611,,
2026-07-28T17:00:00+00:00,2026-07-28T17:05:23.730029+00:00,2026-07-28T17:05:23.730029+00:00,2026-07-28 20:00 (Local Time),ZYGI,,,,,1,9,28.5,28.8,37.2,17.5,1.2,0.9,,,257.0,,,,62.0,0.0,,,0.617333,,
2026-07-28T18:20:00+00:00,2026-07-28T18:23:53.251988+00:00,2026-07-28T18:23:53.251988+00:00,2026-07-28 21:10 (Local Time),ZYGI,,,,,1,9,27.1,27.2,27.2,27.0,0.6,0.5,,,217.0,,,,74.0,0.0,,,0.308666,,
2026-07-28T19:50:00+00:00,2026-07-28T19:57:56.815356+00:00,2026-07-28T19:57:56.815356+00:00,2026-07-28 22:50 (Local Time),ZYGI,,,,,1,9,23.5,23.9,27.2,23.5,1.7,0.2,,,333.0,,,,77.0,0.0,,,0.874555,,
2026-07-28T21:10:00+00:00,2026-07-28T21:16:40.627872+00:00,2026-07-28T21:16:40.627872+00:00,2026-07-29 00:10 (Local Time),ZYGI,,,,,1,9,22.4,22.4,27.2,22.3,2.2,0.4,,,326.0,,,,72.0,0.0,,,1.131777,,
2026-07-28T22:10:00+00:00,2026-07-28T22:18:29.140535+00:00,2026-07-28T22:18:29.140535+00:00,2026-07-29 01:10 (Local Time),ZYGI,,,,,1,9,22.2,21.7,27.2,22.1,1.4,0.1,,,320.0,,,,61.0,0.0,,,0.720222,,
2026-07-28T23:20:00+00:00,2026-07-28T23:27:24.364687+00:00,2026-07-28T23:27:24.364687+00:00,2026-07-29 02:20 (Local Time),ZYGI,,,,,1,9,22.4,21.4,27.2,22.0,1.7,0.6,,,319.0,,,,52.0,0.0,,,0.874555,,
2026-07-29T01:00:00+00:00,2026-07-29T01:01:40.082861+00:00,2026-07-29T01:01:40.082861+00:00,2026-07-29 03:50 (Local Time),ZYGI,,,,,1,9,21.9,21.0,27.2,21.6,2.1,0.7,,,317.0,,,,49.0,0.0,,,1.080332,,
2026-07-29T04:10:00+00:00,2026-07-29T04:19:36.420855+00:00,2026-07-29T04:19:36.420855+00:00,2026-07-29 07:10 (Local Time),ZYGI,,,,,1,9,25.8,26.3,27.2,20.7,4.4,0.9,,,145.0,,,,82.0,0.0,,,2.263554,,
2026-07-29T07:00:00+00:00,2026-07-29T07:09:26.255488+00:00,2026-07-29T07:09:26.255488+00:00,2026-07-29 10:00 (Local Time),ZYGI,,,,,1,9,37.3,45.8,37.4,20.7,4.7,1.3,,,35.0,,,,20.0,0.0,,,2.417887,,
2026-07-29T09:40:00+00:00,2026-07-29T09:48:45.625540+00:00,2026-07-29T09:48:45.625540+00:00,2026-07-29 12:40 (Local Time),ZYGI,,,,,1,9,33.2,41.8,39.5,20.7,10.8,2.3,,,125.0,,,,54.0,0.0,,,5.555995,,
2026-07-29T11:50:00+00:00,2026-07-29T11:51:26.079221+00:00,2026-07-29T11:51:26.079221+00:00,2026-07-29 14:40 (Local Time),ZYGI,,,,,1,9,33.4,42.1,39.5,20.7,3.8,1.7,,,193.0,,,,50.0,0.0,,,1.954887,,
2026-07-29T13:20:00+00:00,2026-07-29T13:28:00.467181+00:00,2026-07-29T13:28:00.467181+00:00,2026-07-29 16:20 (Local Time),ZYGI,,,,,1,9,33.5,40.4,39.5,20.7,3.3,1.5,,,208.0,,,,46.0,0.0,,,1.697665,,
2026-07-29T15:30:00+00:00,2026-07-29T15:32:20.605422+00:00,2026-07-29T15:32:20.605422+00:00,2026-07-29 18:20 (Local Time),ZYGI,,,,,1,9,33.0,36.6,39.5,20.7,1.5,0.6,,,237.0,,,,45.0,0.0,,,0.771666,,
2026-07-29T16:50:00+00:00,2026-07-29T16:52:17.939238+00:00,2026-07-29T16:52:17.939238+00:00,2026-07-29 19:40 (Local Time),ZYGI,,,,,1,9,30.1,30.7,39.5,20.7,1.3,0.7,,,210.0,,,,52.0,0.0,,,0.668777,,
2026-07-29T18:00:00+00:00,2026-07-29T18:00:00.589899+00:00,2026-07-29T18:00:00.589899+00:00,2026-07-29 20:50 (Local Time),ZYGI,,,,,1,9,27.5,26.9,39.5,20.7,1.3,0.0,,,255.0,,,,58.0,0.0,,,0.668777,,
2026-07-29T19:30:00+00:00,2026-07-29T19:36:48.934214+00:00,2026-07-29T19:36:48.934214+00:00,2026-07-29 22:30 (Local Time),ZYGI,,,,,1,9,24.7,24.4,27.2,24.6,0.0,0.1,,,304.0,,,,63.0,0.0,,,0.0,,
2026-07-29T20:30:00+00:00,2026-07-29T20:33:05.590096+00:00,2026-07-29T20:33:05.590096+00:00,2026-07-29 23:20 (Local Time),ZYGI,,,,,1,9,23.5,23.4,27.2,23.4,1.4,0.4,,,330.0,,,,66.0,0.0,,,0.720222,,
2026-07-29T21:20:00+00:00,2026-07-29T21:29:43.619457+00:00,2026-07-29T21:29:43.619457+00:00,2026-07-30 00:20 (Local Time),ZYGI,,,,,1,9,23.1,22.8,27.2,22.8,2.6,0.8,,,330.0,,,,61.0,0.0,,,1.337554,,
2026-07-29T22:30:00+00:00,2026-07-29T22:31:24.572096+00:00,2026-07-29T22:31:24.572096+00:00,2026-07-30 01:20 (Local Time),ZYGI,,,,,1,9,22.9,22.5,27.2,22.8,1.7,0.5,,,320.0,,,,54.0,0.0,,,0.874555,,
2026-07-29T23:30:00+00:00,2026-07-29T23:34:10.764317+00:00,2026-07-29T23:34:10.764317+00:00,2026-07-30 02:20 (Local Time),ZYGI,,,,,1,9,21.4,21.0,27.2,21.4,2.0,0.5,,,335.0,,,,56.0,0.0,,,1.028888,,
2026-07-30T00:50:00+00:00,2026-07-30T00:57:07.643729+00:00,2026-07-30T00:57:07.643729+00:00,2026-07-30 03:50 (Local Time),ZYGI,,,,,1,9,20.8,20.5,27.2,20.8,2.1,0.4,,,307.0,,,,57.0,0.0,,,1.080332,,
2026-07-30T04:10:00+00:00,2026-07-30T04:12:55.684883+00:00,2026-07-30T04:12:55.684883+00:00,2026-07-30 07:00 (Local Time),ZYGI,,,,,1,9,22.1,22.4,27.2,20.2,1.3,0.2,,,289.0,,,,59.0,0.0,,,0.668777,,
2026-07-30T06:40:00+00:00,2026-07-30T06:41:11.521270+00:00,2026-07-30T06:41:11.521270+00:00,2026-07-30 09:30 (Local Time),ZYGI,,,,,1,9,34.6,42.3,34.9,20.2,3.4,1.3,,,160.0,,,,34.0,0.0,,,1.74911,,
2026-07-30T09:10:00+00:00,2026-07-30T09:18:21.656088+00:00,2026-07-30T09:18:21.656088+00:00,2026-07-30 12:10 (Local Time),ZYGI,,,,,1,9,34.6,44.4,35.7,20.2,5.2,2.0,,,183.0,,,,37.0,0.0,,,2.675109,,
2026-07-30T11:20:00+00:00,2026-07-30T11:25:09.563136+00:00,2026-07-30T11:25:09.563136+00:00,2026-07-30 14:20 (Local Time),ZYGI,,,,,1,9,34.5,42.5,35.9,20.2,4.8,2.2,,,206.0,,,,42.0,0.0,,,2.469331,,
2026-07-30T13:00:00+00:00,2026-07-30T13:01:42.645771+00:00,2026-07-30T13:01:42.645771+00:00,2026-07-30 15:50 (Local Time),ZYGI,,,,,1,9,34.3,42.7,35.9,20.2,2.5,1.4,,,241.0,,,,42.0,0.0,,,1.28611,,
2026-07-30T15:10:00+00:00,2026-07-30T15:18:46.354902+00:00,2026-07-30T15:18:46.354902+00:00,2026-07-30 18:10 (Local Time),ZYGI,,,,,1,9,32.3,35.5,35.9,20.2,2.6,1.5,,,227.0,,,,42.0,0.0,,,1.337554,,
2026-07-30T16:50:00+00:00,2026-07-30T16:54:42.369136+00:00,2026-07-30T16:54:42.369136+00:00,2026-07-30 19:40 (Local Time),ZYGI,,,,,1,9,30.2,30.6,35.9,20.2,0.8,0.5,,,238.0,,,,48.0,0.0,,,0.411555,,
2026-07-30T18:00:00+00:00,2026-07-30T18:09:14.258295+00:00,2026-07-30T18:09:14.258295+00:00,2026-07-30 21:00 (Local Time),ZYGI,,,,,1,9,26.5,26.4,26.4,26.4,1.0,0.1,,,293.0,,,,59.0,0.0,,,0.514444,,
2026-07-30T19:50:00+00:00,2026-07-30T19:51:11.915778+00:00,2026-07-30T19:51:11.915778+00:00,2026-07-30 22:40 (Local Time),ZYGI,,,,,1,9,23.2,23.3,26.4,23.1,1.8,0.4,,,312.0,,,,68.0,0.0,,,0.925999,,
2026-07-30T20:50:00+00:00,2026-07-30T20:51:21.965953+00:00,2026-07-30T20:51:21.965953+00:00,2026-07-30 23:40 (Local Time),ZYGI,,,,,1,9,22.2,22.2,26.4,22.1,0.7,0.3,,,300.0,,,,67.0,0.0,,,0.360111,,
2026-07-30T21:50:00+00:00,2026-07-30T21:53:32.821783+00:00,2026-07-30T21:53:32.821783+00:00,2026-07-31 00:40 (Local Time),ZYGI,,,,,1,9,21.3,21.5,26.4,21.3,1.0,0.1,,,327.0,,,,68.0,0.0,,,0.514444,,
2026-07-30T22:50:00+00:00,2026-07-30T22:53:49.956878+00:00,2026-07-30T22:53:49.956878+00:00,2026-07-31 01:40 (Local Time),ZYGI,,,,,1,9,21.0,20.8,26.4,21.0,0.7,0.0,,,344.0,,,,66.0,0.0,,,0.360111,,
2026-07-30T23:50:00+00:00,2026-07-30T23:50:39.423436+00:00,2026-07-30T23:50:39.423436+00:00,2026-07-31 02:40 (Local Time),ZYGI,,,,,1,9,21.3,20.8,26.4,20.7,1.9,0.4,,,337.0,,,,58.0,0.0,,,0.977444,,
2026-07-31T01:10:00+00:00,2026-07-31T01:19:09.983274+00:00,2026-07-31T01:19:09.983274+00:00,2026-07-31 04:10 (Local Time),ZYGI,,,,,1,9,20.4,19.5,26.4,20.3,2.3,0.4,,,332.0,,,,58.0,0.0,,,1.183221,,
2026-07-31T04:40:00+00:00,2026-07-31T04:48:53.405070+00:00,2026-07-31T04:48:53.405070+00:00,2026-07-31 07:40 (Local Time),ZYGI,,,,,1,9,27.9,32.3,28.4,19.6,1.6,0.1,,,348.0,,,,42.0,0.0,,,0.82311,,
2026-07-31T07:40:00+00:00,2026-07-31T07:40:47.008930+00:00,2026-07-31T07:40:47.008930+00:00,2026-07-31 10:30 (Local Time),ZYGI,,,,,1,9,32.5,41.3,33.3,19.6,4.1,1.5,,,159.0,,,,44.0,0.0,,,2.10922,,
2026-07-31T10:10:00+00:00,2026-07-31T10:16:00.726194+00:00,2026-07-31T10:16:00.726194+00:00,2026-07-31 13:10 (Local Time),ZYGI,,,,,1,9,33.5,43.0,34.2,19.6,3.0,1.7,,,216.0,,,,48.0,0.0,,,1.543332,,
2026-07-31T12:10:00+00:00,2026-07-31T12:19:15.521617+00:00,2026-07-31T12:19:15.521617+00:00,2026-07-31 15:10 (Local Time),ZYGI,,,,,1,9,33.9,41.2,34.9,19.6,5.2,2.4,,,211.0,,,,41.0,0.0,,,2.675109,,
2026-07-31T14:40:00+00:00,2026-07-31T14:42:27.626484+00:00,2026-07-31T14:42:27.626484+00:00,2026-07-31 17:30 (Local Time),ZYGI,,,,,1,9,30.8,35.2,34.9,19.6,3.5,1.6,,,221.0,,,,69.0,0.0,,,1.800554,,
2026-07-31T16:20:00+00:00,2026-07-31T16:23:44.457827+00:00,2026-07-31T16:23:44.457827+00:00,2026-07-31 19:10 (Local Time),ZYGI,,,,,1,9,29.2,30.2,34.9,19.6,2.0,0.7,,,224.0,,,,68.0,0.0,,,1.028888,,
2026-07-31T17:50:00+00:00,2026-07-31T17:59:06.996337+00:00,2026-07-31T17:59:06.996337+00:00,2026-07-31 20:50 (Local Time),ZYGI,,,,,1,9,27.8,27.6,34.9,19.6,0.9,0.6,,,220.0,,,,59.0,0.0,,,0.463,,
2026-07-31T19:40:00+00:00,2026-07-31T19:45:46.185736+00:00,2026-07-31T19:45:46.185736+00:00,2026-07-31 22:40 (Local Time),ZYGI,,,,,1,9,23.4,23.3,27.4,23.3,1.5,0.1,,,306.0,,,,70.0,0.0,,,0.771666,,
2026-07-31T20:40:00+00:00,2026-07-31T20:46:45.203139+00:00,2026-07-31T20:46:45.203139+00:00,2026-07-31 23:40 (Local Time),ZYGI,,,,,1,9,21.9,22.1,27.4,21.9,1.7,0.1,,,306.0,,,,69.0,0.0,,,0.874555,,
2026-07-31T21:40:00+00:00,2026-07-31T21:48:20.195148+00:00,2026-07-31T21:48:20.195148+00:00,2026-08-01 00:40 (Local Time),ZYGI,,,,,1,9,21.6,21.5,27.4,21.5,2.9,0.4,,,331.0,,,,60.0,0.0,,,1.491888,,
2026-07-31T22:40:00+00:00,2026-07-31T22:45:29.282839+00:00,2026-07-31T22:45:29.282839+00:00,2026-08-01 01:40 (Local Time),ZYGI,,,,,1,9,22.6,21.3,27.4,21.5,1.4,0.1,,,357.0,,,,48.0,0.0,,,0.720222,,
2026-07-31T23:40:00+00:00,2026-07-31T23:44:22.946092+00:00,2026-07-31T23:44:22.946092+00:00,2026-08-01 02:30 (Local Time),ZYGI,,,,,1,9,21.3,20.3,27.4,21.2,1.9,0.3,,,353.0,,,,54.0,0.0,,,0.977444,,
2026-08-01T01:10:00+00:00,2026-08-01T01:16:32.625157+00:00,2026-08-01T01:16:32.625157+00:00,2026-08-01 04:10 (Local Time),ZYGI,,,,,1,9,19.9,19.3,27.4,19.5,1.8,0.3,,,327.0,,,,60.0,0.0,,,0.925999,,
2026-08-01T04:30:00+00:00,2026-08-01T04:37:18.040723+00:00,2026-08-01T04:37:18.040723+00:00,2026-08-01 07:30 (Local Time),ZYGI,,,,,1,9,26.3,27.6,27.4,19.5,0.0,0.0,,,90.0,,,,48.0,0.0,,,0.0,,
2026-08-01T07:10:00+00:00,2026-08-01T07:14:43.701489+00:00,2026-08-01T07:14:43.701489+00:00,2026-08-01 10:00 (Local Time),ZYGI,,,,,1,9,30.1,39.2,31.3,19.5,5.3,1.6,,,152.0,,,,65.0,0.0,,,2.726553,,
2026-08-01T09:20:00+00:00,2026-08-01T09:21:50.747825+00:00,2026-08-01T09:21:50.747825+00:00,2026-08-01 12:10 (Local Time),ZYGI,,,,,1,9,33.3,43.5,33.6,19.5,3.1,1.5,,,222.0,,,,43.0,0.0,,,1.594776,,
2026-08-01T10:50:00+00:00,2026-08-01T10:53:06.306952+00:00,2026-08-01T10:53:06.306952+00:00,2026-08-01 13:40 (Local Time),ZYGI,,,,,1,9,33.8,43.3,34.2,19.5,4.3,2.0,,,207.0,,,,51.0,0.0,,,2.212109,,
2026-08-01T11:50:00+00:00,2026-08-01T11:52:26.035369+00:00,2026-08-01T11:52:26.035369+00:00,2026-08-01 14:40 (Local Time),ZYGI,,,,,1,9,34.3,42.7,34.7,19.5,4.1,1.7,,,215.0,,,,40.0,0.0,,,2.10922,,
2026-08-01T12:40:00+00:00,2026-08-01T12:44:10.802769+00:00,2026-08-01T12:44:10.802769+00:00,2026-08-01 15:30 (Local Time),ZYGI,,,,,1,9,33.9,41.8,34.7,19.5,3.0,1.3,,,219.0,,,,40.0,0.0,,,1.543332,,
2026-08-01T14:10:00+00:00,2026-08-01T14:14:22.833875+00:00,2026-08-01T14:14:22.833875+00:00,2026-08-01 17:00 (Local Time),ZYGI,,,,,1,9,32.7,38.0,34.7,19.5,2.7,1.7,,,231.0,,,,47.0,0.0,,,1.388999,,
2026-08-01T15:20:00+00:00,2026-08-01T15:20:19.189933+00:00,2026-08-01T15:20:19.189933+00:00,2026-08-01 18:10 (Local Time),ZYGI,,,,,1,9,31.1,34.5,34.7,19.5,1.9,1.3,,,239.0,,,,59.0,0.0,,,0.977444,,
2026-08-01T16:20:00+00:00,2026-08-01T16:26:34.756773+00:00,2026-08-01T16:26:34.756773+00:00,2026-08-01 19:20 (Local Time),ZYGI,,,,,1,9,29.5,30.1,34.7,19.5,1.3,0.7,,,245.0,,,,65.0,0.0,,,0.668777,,
2026-08-01T17:20:00+00:00,2026-08-01T17:29:29.533427+00:00,2026-08-01T17:29:29.533427+00:00,2026-08-01 20:20 (Local Time),ZYGI,,,,,1,9,27.4,27.0,34.7,19.5,0.8,0.3,,,242.0,,,,65.0,0.0,,,0.411555,,
2026-08-01T18:30:00+00:00,2026-08-01T18:32:15.062034+00:00,2026-08-01T18:32:15.062034+00:00,2026-08-01 21:20 (Local Time),ZYGI,,,,,1,9,24.8,24.8,25.3,24.8,1.9,0.5,,,0.0,,,,72.0,0.0,,,0.977444,,
2026-08-01T19:40:00+00:00,2026-08-01T19:45:51.552370+00:00,2026-08-01T19:45:51.552370+00:00,2026-08-01 22:40 (Local Time),ZYGI,,,,,1,9,23.1,23.0,25.3,23.0,1.2,0.1,,,340.0,,,,69.0,0.0,,,0.617333,,
2026-08-01T20:30:00+00:00,2026-08-01T20:34:27.132948+00:00,2026-08-01T20:34:27.132948+00:00,2026-08-01 23:20 (Local Time),ZYGI,,,,,1,9,22.5,22.2,25.3,22.3,2.4,0.1,,,343.0,,,,58.0,0.0,,,1.234666,,
2026-08-01T21:30:00+00:00,2026-08-01T21:32:20.303199+00:00,2026-08-01T21:32:20.303199+00:00,2026-08-02 00:20 (Local Time),ZYGI,,,,,1,9,22.4,21.8,25.3,22.3,2.4,0.4,,,331.0,,,,55.0,0.0,,,1.234666,,
2026-08-01T22:30:00+00:00,2026-08-01T22:33:01.150141+00:00,2026-08-01T22:33:01.150141+00:00,2026-08-02 01:20 (Local Time),ZYGI,,,,,1,9,20.6,20.4,25.3,20.5,2.1,0.3,,,350.0,,,,58.0,0.0,,,1.080332,,
2026-08-01T23:30:00+00:00,2026-08-01T23:31:17.428706+00:00,2026-08-01T23:31:17.428706+00:00,2026-08-02 02:20 (Local Time),ZYGI,,,,,1,9,22.8,20.8,25.3,20.3,2.0,0.2,,,12.0,,,,48.0,0.0,,,1.028888,,
2026-08-02T01:00:00+00:00,2026-08-02T01:08:51.031453+00:00,2026-08-02T01:08:51.031453+00:00,2026-08-02 04:00 (Local Time),ZYGI,,,,,1,9,21.6,20.3,25.3,20.3,2.6,0.6,,,313.0,,,,51.0,0.0,,,1.337554,,
2026-08-02T04:30:00+00:00,2026-08-02T04:37:00.440083+00:00,2026-08-02T04:37:00.440083+00:00,2026-08-02 07:30 (Local Time),ZYGI,,,,,1,9,25.6,28.4,25.9,20.3,2.6,0.4,,,336.0,,,,44.0,0.0,,,1.337554,,
2026-08-02T07:10:00+00:00,2026-08-02T07:14:08.141200+00:00,2026-08-02T07:14:08.141200+00:00,2026-08-02 10:00 (Local Time),ZYGI,,,,,1,9,31.2,39.3,31.8,20.3,4.6,1.8,,,155.0,,,,44.0,0.0,,,2.366442,,
2026-08-02T09:20:00+00:00,2026-08-02T09:22:09.280885+00:00,2026-08-02T09:22:09.280885+00:00,2026-08-02 12:10 (Local Time),ZYGI,,,,,1,9,33.7,43.8,33.9,20.3,3.2,1.6,,,211.0,,,,37.0,0.0,,,1.646221,,
2026-08-02T10:50:00+00:00,2026-08-02T10:54:18.622568+00:00,2026-08-02T10:54:18.622568+00:00,2026-08-02 13:40 (Local Time),ZYGI,,,,,1,9,33.0,40.8,34.5,20.3,7.5,3.3,,,206.0,,,,42.0,0.0,,,3.85833,,
2026-08-02T11:50:00+00:00,2026-08-02T11:52:32.895203+00:00,2026-08-02T11:52:32.895203+00:00,2026-08-02 14:40 (Local Time),ZYGI,,,,,1,9,33.3,42.2,34.5,20.3,3.2,1.7,,,212.0,,,,48.0,0.0,,,1.646221,,
2026-08-02T12:40:00+00:00,2026-08-02T12:46:04.429395+00:00,2026-08-02T12:46:04.429395+00:00,2026-08-02 15:40 (Local Time),ZYGI,,,,,1,9,33.0,41.7,34.5,20.3,3.6,1.5,,,228.0,,,,50.0,0.0,,,1.851998,,
2026-08-02T14:10:00+00:00,2026-08-02T14:16:10.990858+00:00,2026-08-02T14:16:10.990858+00:00,2026-08-02 17:10 (Local Time),ZYGI,,,,,1,9,33.0,37.7,34.5,20.3,3.4,1.3,,,234.0,,,,43.0,0.0,,,1.74911,,
2026-08-02T15:20:00+00:00,2026-08-02T15:29:09.234161+00:00,2026-08-02T15:29:09.234161+00:00,2026-08-02 18:20 (Local Time),ZYGI,,,,,1,9,31.1,34.3,34.5,20.3,2.2,1.0,,,236.0,,,,53.0,0.0,,,1.131777,,
2026-08-02T16:30:00+00:00,2026-08-02T16:30:11.469882+00:00,2026-08-02T16:30:11.469882+00:00,2026-08-02 19:20 (Local Time),ZYGI,,,,,1,9,29.0,29.7,34.5,20.3,2.0,0.7,,,236.0,,,,58.0,0.0,,,1.028888,,
2026-08-02T17:30:00+00:00,2026-08-02T17:36:11.284049+00:00,2026-08-02T17:36:11.284049+00:00,2026-08-02 20:30 (Local Time),ZYGI,,,,,1,9,26.5,26.1,34.5,20.3,0.0,0.0,,,237.0,,,,62.0,0.0,,,0.0,,
2026-08-02T18:30:00+00:00,2026-08-02T18:36:17.426863+00:00,2026-08-02T18:36:17.426863+00:00,2026-08-02 21:30 (Local Time),ZYGI,,,,,1,9,23.6,23.8,24.8,23.5,1.0,0.1,,,326.0,,,,66.0,0.0,,,0.514444,,
2026-08-02T19:40:00+00:00,2026-08-02T19:48:35.385902+00:00,2026-08-02T19:48:35.385902+00:00,2026-08-02 22:40 (Local Time),ZYGI,,,,,1,9,22.2,22.2,24.8,22.1,1.9,0.4,,,300.0,,,,66.0,0.0,,,0.977444,,
2026-08-02T20:30:00+00:00,2026-08-02T20:38:47.602112+00:00,2026-08-02T20:38:47.602112+00:00,2026-08-02 23:30 (Local Time),ZYGI,,,,,1,9,21.3,21.5,24.8,21.3,2.8,0.6,,,328.0,,,,65.0,0.0,,,1.440443,,
2026-08-02T21:30:00+00:00,2026-08-02T21:36:48.374714+00:00,2026-08-02T21:36:48.374714+00:00,2026-08-03 00:30 (Local Time),ZYGI,,,,,1,9,21.5,21.0,24.8,21.3,2.3,0.4,,,341.0,,,,59.0,0.0,,,1.183221,,
2026-08-02T22:30:00+00:00,2026-08-02T22:33:26.325246+00:00,2026-08-02T22:33:26.325246+00:00,2026-08-03 01:20 (Local Time),ZYGI,,,,,1,9,22.4,21.3,24.8,21.3,3.1,0.6,,,325.0,,,,54.0,0.0,,,1.594776,,
2026-08-02T23:30:00+00:00,2026-08-02T23:32:31.667754+00:00,2026-08-02T23:32:31.667754+00:00,2026-08-03 02:20 (Local Time),ZYGI,,,,,1,9,20.0,19.9,24.8,19.9,2.5,0.8,,,320.0,,,,61.0,0.0,,,1.28611,,
2026-08-03T01:00:00+00:00,2026-08-03T01:09:34.000187+00:00,2026-08-03T01:09:34.000187+00:00,2026-08-03 04:00 (Local Time),ZYGI,,,,,1,9,20.8,19.1,24.8,19.7,2.6,0.4,,,339.0,,,,55.0,0.0,,,1.337554,,
2026-08-03T04:40:00+00:00,2026-08-03T04:46:28.270886+00:00,2026-08-03T04:46:28.270886+00:00,2026-08-03 07:40 (Local Time),ZYGI,,,,,1,9,26.9,31.7,27.2,19.7,1.7,0.4,,,2.0,,,,38.0,0.0,,,0.874555,,
2026-08-03T08:10:00+00:00,2026-08-03T08:14:09.421275+00:00,2026-08-03T08:14:09.421275+00:00,2026-08-03 11:00 (Local Time),ZYGI,,,,,1,9,31.9,41.3,32.1,19.7,4.7,1.5,,,149.0,,,,45.0,0.0,,,2.417887,,
2026-08-03T11:40:00+00:00,2026-08-03T11:43:58.417255+00:00,2026-08-03T11:43:58.417255+00:00,2026-08-03 14:30 (Local Time),ZYGI,,,,,1,9,34.1,43.5,34.9,19.7,2.8,1.2,,,213.0,,,,32.0,0.0,,,1.440443,,
2026-08-03T14:00:00+00:00,2026-08-03T14:01:58.179146+00:00,2026-08-03T14:01:58.179146+00:00,2026-08-03 16:50 (Local Time),ZYGI,,,,,1,9,32.2,38.9,34.9,19.7,3.6,1.2,,,231.0,,,,51.0,0.0,,,1.851998,,
2026-08-03T16:30:00+00:00,2026-08-03T16:32:21.749059+00:00,2026-08-03T16:32:21.749059+00:00,2026-08-03 19:20 (Local Time),ZYGI,,,,,1,9,29.3,30.0,34.9,19.7,1.8,0.6,,,241.0,,,,61.0,0.0,,,0.925999,,
2026-08-03T18:10:00+00:00,2026-08-03T18:19:28.034708+00:00,2026-08-03T18:19:28.034708+00:00,2026-08-03 21:10 (Local Time),ZYGI,,,,,1,9,25.7,25.8,26.0,25.6,1.2,0.1,,,340.0,,,,76.0,0.0,,,0.617333,,
2026-08-03T20:00:00+00:00,2026-08-03T20:04:00.321435+00:00,2026-08-03T20:04:00.321435+00:00,2026-08-03 22:50 (Local Time),ZYGI,,,,,1,9,23.9,23.7,26.0,23.8,2.2,0.5,,,350.0,,,,66.0,0.0,,,1.131777,,
2026-08-03T21:10:00+00:00,2026-08-03T21:15:15.315854+00:00,2026-08-03T21:15:15.315854+00:00,2026-08-04 00:10 (Local Time),ZYGI,,,,,1,9,23.8,23.4,26.0,23.6,2.4,0.6,,,344.0,,,,64.0,0.0,,,1.234666,,
2026-08-03T22:10:00+00:00,2026-08-03T22:18:33.394619+00:00,2026-08-03T22:18:33.394619+00:00,2026-08-04 01:10 (Local Time),ZYGI,,,,,1,9,22.7,22.3,26.0,22.7,2.1,0.6,,,340.0,,,,66.0,0.0,,,1.080332,,
2026-08-03T23:30:00+00:00,2026-08-03T23:31:53.074788+00:00,2026-08-03T23:31:53.074788+00:00,2026-08-04 02:20 (Local Time),ZYGI,,,,,1,9,22.5,21.9,26.0,22.2,2.7,0.5,,,348.0,,,,65.0,0.0,,,1.388999,,
2026-08-04T01:00:00+00:00,2026-08-04T01:02:32.800168+00:00,2026-08-04T01:02:32.800168+00:00,2026-08-04 03:50 (Local Time),ZYGI,,,,,1,9,21.9,21.0,26.0,21.7,1.3,0.4,,,355.0,,,,68.0,0.0,,,0.668777,,
2026-08-04T04:10:00+00:00,2026-08-04T04:19:54.269988+00:00,2026-08-04T04:19:54.269988+00:00,2026-08-04 07:10 (Local Time),ZYGI,,,,,1,9,23.2,23.3,26.0,20.8,2.4,0.6,,,346.0,,,,58.0,0.0,,,1.234666,,
2026-08-04T06:40:00+00:00,2026-08-04T06:46:12.224158+00:00,2026-08-04T06:46:12.224158+00:00,2026-08-04 09:40 (Local Time),ZYGI,,,,,1,9,30.4,39.2,30.5,20.8,4.3,1.3,,,131.0,,,,57.0,0.0,,,2.212109,,
2026-08-04T09:30:00+00:00,2026-08-04T09:30:36.401117+00:00,2026-08-04T09:30:36.401117+00:00,2026-08-04 12:20 (Local Time),ZYGI,,,,,1,9,32.4,41.8,32.8,20.8,5.1,1.8,,,179.0,,,,48.0,0.0,,,2.623664,,
2026-08-04T11:40:00+00:00,2026-08-04T11:41:14.182350+00:00,2026-08-04T11:41:14.182350+00:00,2026-08-04 14:30 (Local Time),ZYGI,,,,,1,9,32.7,40.9,33.7,20.8,5.4,2.4,,,207.0,,,,49.0,0.0,,,2.777998,,
2026-08-04T13:20:00+00:00,2026-08-04T13:24:13.958682+00:00,2026-08-04T13:24:13.958682+00:00,2026-08-04 16:10 (Local Time),ZYGI,,,,,1,9,33.4,41.1,33.7,20.8,2.9,1.2,,,236.0,,,,48.0,0.0,,,1.491888,,
2026-08-04T15:40:00+00:00,2026-08-04T15:41:58.614268+00:00,2026-08-04T15:41:58.614268+00:00,2026-08-04 18:30 (Local Time),ZYGI,,,,,1,9,32.2,34.4,33.7,20.8,1.6,0.9,,,230.0,,,,51.0,0.0,,,0.82311,,
2026-08-04T17:20:00+00:00,2026-08-04T17:20:12.472853+00:00,2026-08-04T17:20:12.472853+00:00,2026-08-04 20:10 (Local Time),ZYGI,,,,,1,9,28.1,28.5,33.7,20.8,1.1,0.7,,,249.0,,,,73.0,0.0,,,0.565888,,
2026-08-04T19:00:00+00:00,2026-08-04T19:00:00.605255+00:00,2026-08-04T19:00:00.605255+00:00,2026-08-04 21:50 (Local Time),ZYGI,,,,,1,9,26.6,26.3,27.2,26.5,0.6,0.1,,,245.0,,,,83.0,0.0,,,0.308666,,
2026-08-04T20:30:00+00:00,2026-08-04T20:38:26.829270+00:00,2026-08-04T20:38:26.829270+00:00,2026-08-04 23:30 (Local Time),ZYGI,,,,,1,9,23.2,23.4,27.2,23.1,2.0,0.1,,,308.0,,,,84.0,0.0,,,1.028888,,
2026-08-04T21:50:00+00:00,2026-08-04T21:55:20.893810+00:00,2026-08-04T21:55:20.893810+00:00,2026-08-05 00:50 (Local Time),ZYGI,,,,,1,9,21.7,21.7,27.2,21.7,1.2,0.3,,,346.0,,,,80.0,0.0,,,0.617333,,
2026-08-04T22:50:00+00:00,2026-08-04T22:54:07.100270+00:00,2026-08-04T22:54:07.100270+00:00,2026-08-05 01:40 (Local Time),ZYGI,,,,,1,9,20.7,20.8,27.2,20.6,1.2,0.2,,,293.0,,,,80.0,0.0,,,0.617333,,
2026-08-04T23:50:00+00:00,2026-08-04T23:52:59.142953+00:00,2026-08-04T23:52:59.142953+00:00,2026-08-05 02:40 (Local Time),ZYGI,,,,,1,9,19.9,19.9,27.2,19.8,1.6,0.2,,,296.0,,,,80.0,0.0,,,0.82311,,
2026-08-05T01:10:00+00:00,2026-08-05T01:11:04.843995+00:00,2026-08-05T01:11:04.843995+00:00,2026-08-05 04:00 (Local Time),ZYGI,,,,,1,9,19.6,19.7,27.2,19.2,2.7,0.7,,,333.0,,,,76.0,0.0,,,1.388999,,
2026-08-05T04:20:00+00:00,2026-08-05T04:28:32.082773+00:00,2026-08-05T04:28:32.082773+00:00,2026-08-05 07:20 (Local Time),ZYGI,,,,,1,9,24.1,25.7,27.2,19.2,2.2,0.6,,,320.0,,,,55.0,0.0,,,1.131777,,
2026-08-05T07:10:00+00:00,2026-08-05T07:18:10.655727+00:00,2026-08-05T07:18:10.655727+00:00,2026-08-05 10:10 (Local Time),ZYGI,,,,,1,9,30.5,38.9,30.9,19.2,4.1,1.9,,,213.0,,,,60.0,0.0,,,2.10922,,
2026-08-05T10:00:00+00:00,2026-08-05T10:02:06.847551+00:00,2026-08-05T10:02:06.847551+00:00,2026-08-05 12:50 (Local Time),ZYGI,,,,,1,9,31.5,41.2,32.7,19.2,6.1,2.5,,,207.0,,,,61.0,0.0,,,3.138108,,
2026-08-05T12:00:00+00:00,2026-08-05T12:06:04.510365+00:00,2026-08-05T12:06:04.510365+00:00,2026-08-05 15:00 (Local Time),ZYGI,,,,,1,9,32.5,42.4,33.2,19.2,3.2,1.1,,,227.0,,,,56.0,0.0,,,1.646221,,
2026-08-05T14:20:00+00:00,2026-08-05T14:28:26.236544+00:00,2026-08-05T14:28:26.236544+00:00,2026-08-05 17:20 (Local Time),ZYGI,,,,,1,9,30.9,35.1,33.2,19.2,4.6,2.2,,,212.0,,,,62.0,0.0,,,2.366442,,
2026-08-05T16:10:00+00:00,2026-08-05T16:17:02.274128+00:00,2026-08-05T16:17:02.274128+00:00,2026-08-05 19:10 (Local Time),ZYGI,,,,,1,9,29.0,29.9,33.2,19.2,1.5,0.7,,,224.0,,,,60.0,0.0,,,0.771666,,
2026-08-05T17:50:00+00:00,2026-08-05T17:55:41.373554+00:00,2026-08-05T17:55:41.373554+00:00,2026-08-05 20:50 (Local Time),ZYGI,,,,,1,9,26.3,26.1,33.2,19.2,1.5,0.1,,,256.0,,,,65.0,0.0,,,0.771666,,
2026-08-05T19:10:00+00:00,2026-08-05T19:18:01.269275+00:00,2026-08-05T19:18:01.269275+00:00,2026-08-05 22:10 (Local Time),ZYGI,,,,,1,9,25.1,24.8,26.2,25.0,0.5,0.1,,,13.0,,,,74.0,0.0,,,0.257222,,
2026-08-05T20:40:00+00:00,2026-08-05T20:41:42.204305+00:00,2026-08-05T20:41:42.204305+00:00,2026-08-05 23:30 (Local Time),ZYGI,,,,,1,9,22.7,22.9,26.2,22.7,1.7,0.2,,,321.0,,,,71.0,0.0,,,0.874555,,
2026-08-05T21:50:00+00:00,2026-08-05T21:55:17.403125+00:00,2026-08-05T21:55:17.403125+00:00,2026-08-06 00:50 (Local Time),ZYGI,,,,,1,9,21.8,21.8,26.2,21.7,1.2,0.2,,,340.0,,,,72.0,0.0,,,0.617333,,
2026-08-05T22:50:00+00:00,2026-08-05T22:50:00.303672+00:00,2026-08-05T22:50:00.303672+00:00,2026-08-06 01:40 (Local Time),ZYGI,,,,,1,9,21.2,21.2,26.2,21.1,0.8,0.3,,,342.0,,,,70.0,0.0,,,0.411555,,
2026-08-05T23:40:00+00:00,2026-08-05T23:42:48.253638+00:00,2026-08-05T23:42:48.253638+00:00,2026-08-06 02:30 (Local Time),ZYGI,,,,,1,9,20.8,20.7,26.2,20.8,1.1,0.1,,,353.0,,,,70.0,0.0,,,0.565888,,
2026-08-06T01:00:00+00:00,2026-08-06T01:05:52.525056+00:00,2026-08-06T01:05:52.525056+00:00,2026-08-06 04:00 (Local Time),ZYGI,,,,,1,9,19.7,19.6,26.2,19.6,1.5,0.3,,,310.0,,,,74.0,0.0,,,0.771666,,
2026-08-06T04:20:00+00:00,2026-08-06T04:24:22.464616+00:00,2026-08-06T04:24:22.464616+00:00,2026-08-06 07:10 (Local Time),ZYGI,,,,,1,9,22.7,24.4,26.2,19.4,1.3,0.4,,,317.0,,,,67.0,0.0,,,0.668777,,
2026-08-06T07:10:00+00:00,2026-08-06T07:10:47.598122+00:00,2026-08-06T07:10:47.598122+00:00,2026-08-06 10:00 (Local Time),ZYGI,,,,,1,9,30.1,39.4,30.2,19.4,2.7,1.2,,,218.0,,,,64.0,0.0,,,1.388999,,
2026-08-06T09:50:00+00:00,2026-08-06T09:50:37.301630+00:00,2026-08-06T09:50:37.301630+00:00,2026-08-06 12:40 (Local Time),ZYGI,,,,,1,9,31.8,41.8,32.2,19.4,5.7,2.2,,,210.0,,,,60.0,0.0,,,2.932331,,
2026-08-06T11:50:00+00:00,2026-08-06T11:53:13.434481+00:00,2026-08-06T11:53:13.434481+00:00,2026-08-06 14:40 (Local Time),ZYGI,,,,,1,9,32.0,39.6,33.0,19.4,6.0,2.6,,,216.0,,,,62.0,0.0,,,3.086664,,
2026-08-06T13:20:00+00:00,2026-08-06T13:25:02.809239+00:00,2026-08-06T13:25:02.809239+00:00,2026-08-06 16:10 (Local Time),ZYGI,,,,,1,9,31.6,38.1,33.1,19.4,5.4,2.4,,,217.0,,,,63.0,0.0,,,2.777998,,
2026-08-06T15:30:00+00:00,2026-08-06T15:37:52.085570+00:00,2026-08-06T15:37:52.085570+00:00,2026-08-06 18:30 (Local Time),ZYGI,,,,,1,9,30.3,32.6,33.1,19.4,3.0,0.9,,,239.0,,,,62.0,0.0,,,1.543332,,
2026-08-07T00:30:00+00:00,2026-08-07T00:31:52.291963+00:00,2026-08-07T00:31:52.291963+00:00,2026-08-07 03:20 (Local Time),ZYGI,,,,,1,9,22.7,22.6,27.7,22.7,1.3,0.2,,,294.0,,,,80.0,0.0,,,0.668777,,
2026-08-07T03:30:00+00:00,2026-08-07T03:32:58.813874+00:00,2026-08-07T03:32:58.813874+00:00,2026-08-07 06:20 (Local Time),ZYGI,,,,,1,9,21.3,21.4,27.7,21.2,0.0,0.1,,,319.0,,,,85.0,0.0,,,0.0,,
2026-08-07T05:10:00+00:00,2026-08-07T05:17:34.409631+00:00,2026-08-07T05:17:34.409631+00:00,2026-08-07 08:10 (Local Time),ZYGI,,,,,1,9,28.1,31.2,28.3,21.2,1.9,0.7,,,172.0,,,,70.0,0.0,,,0.977444,,
2026-08-07T06:30:00+00:00,2026-08-07T06:38:13.492916+00:00,2026-08-07T06:38:13.492916+00:00,2026-08-07 09:30 (Local Time),ZYGI,,,,,1,9,29.1,36.6,29.3,21.2,3.3,1.3,,,158.0,,,,72.0,0.0,,,1.697665,,
2026-08-07T07:50:00+00:00,2026-08-07T07:59:18.335167+00:00,2026-08-07T07:59:18.335167+00:00,2026-08-07 10:50 (Local Time),ZYGI,,,,,1,9,30.3,38.9,30.5,21.2,5.4,1.6,,,155.0,,,,67.0,0.0,,,2.777998,,
2026-08-07T09:10:00+00:00,2026-08-07T09:12:55.186565+00:00,2026-08-07T09:12:55.186565+00:00,2026-08-07 12:00 (Local Time),ZYGI,,,,,1,9,31.7,42.1,32.0,21.2,2.9,1.3,,,226.0,,,,61.0,0.0,,,1.491888,,
2026-08-07T10:00:00+00:00,2026-08-07T10:09:47.066613+00:00,2026-08-07T10:09:47.066613+00:00,2026-08-07 13:00 (Local Time),ZYGI,,,,,1,9,32.3,42.4,32.6,21.2,4.1,1.9,,,218.0,,,,61.0,0.0,,,2.10922,,
2026-08-07T11:00:00+00:00,2026-08-07T11:06:25.511079+00:00,2026-08-07T11:06:25.511079+00:00,2026-08-07 14:00 (Local Time),ZYGI,,,,,1,9,32.1,39.5,33.3,21.2,6.1,2.7,,,212.0,,,,62.0,0.0,,,3.138108,,
2026-08-07T11:50:00+00:00,2026-08-07T11:53:24.051606+00:00,2026-08-07T11:53:24.051606+00:00,2026-08-07 14:40 (Local Time),ZYGI,,,,,1,9,32.0,40.0,33.3,21.2,4.7,1.9,,,218.0,,,,62.0,0.0,,,2.417887,,
2026-08-07T12:30:00+00:00,2026-08-07T12:32:45.279946+00:00,2026-08-07T12:32:45.279946+00:00,2026-08-07 15:20 (Local Time),ZYGI,,,,,1,9,32.3,39.9,33.3,21.2,4.2,1.9,,,218.0,,,,62.0,0.0,,,2.160665,,
2026-08-07T13:50:00+00:00,2026-08-07T13:52:51.217621+00:00,2026-08-07T13:52:51.217621+00:00,2026-08-07 16:40 (Local Time),ZYGI,,,,,1,9,31.7,36.2,33.3,21.2,2.2,1.4,,,215.0,,,,62.0,0.0,,,1.131777,,
2026-08-07T14:40:00+00:00,2026-08-07T14:42:46.012094+00:00,2026-08-07T14:42:46.012094+00:00,2026-08-07 17:30 (Local Time),ZYGI,,,,,1,9,30.5,34.1,33.3,21.2,3.2,1.6,,,213.0,,,,70.0,0.0,,,1.646221,,
2026-08-07T15:30:00+00:00,2026-08-07T15:35:39.848000+00:00,2026-08-07T15:35:39.848000+00:00,2026-08-07 18:30 (Local Time),ZYGI,,,,,1,9,30.5,32.5,33.3,21.2,2.9,0.8,,,232.0,,,,65.0,0.0,,,1.491888,,
2026-08-07T16:20:00+00:00,2026-08-07T16:28:29.485861+00:00,2026-08-07T16:28:29.485861+00:00,2026-08-07 19:20 (Local Time),ZYGI,,,,,1,9,29.2,30.2,33.3,21.2,1.3,0.6,,,230.0,,,,70.0,0.0,,,0.668777,,
2026-08-07T17:20:00+00:00,2026-08-07T17:26:36.006870+00:00,2026-08-07T17:26:36.006870+00:00,2026-08-07 20:20 (Local Time),ZYGI,,,,,1,9,28.3,28.7,33.3,21.2,1.7,0.5,,,234.0,,,,72.0,0.0,,,0.874555,,
2026-08-07T18:00:00+00:00,2026-08-07T18:09:37.103515+00:00,2026-08-07T18:09:37.103515+00:00,2026-08-07 21:00 (Local Time),ZYGI,,,,,1,9,27.9,28.2,27.8,27.8,0.7,0.5,,,218.0,,,,74.0,0.0,,,0.360111,,
2026-08-07T19:10:00+00:00,2026-08-07T19:14:08.263015+00:00,2026-08-07T19:14:08.263015+00:00,2026-08-07 22:00 (Local Time),ZYGI,,,,,1,9,26.6,26.4,27.9,26.5,1.1,0.1,,,257.0,,,,80.0,0.0,,,0.565888,,
2026-08-07T19:50:00+00:00,2026-08-07T19:59:49.662273+00:00,2026-08-07T19:59:49.662273+00:00,2026-08-07 22:50 (Local Time),ZYGI,,,,,1,9,25.4,25.4,27.9,25.4,1.1,0.4,,,13.0,,,,80.0,0.0,,,0.565888,,
2026-08-07T20:50:00+00:00,2026-08-07T20:51:31.480691+00:00,2026-08-07T20:51:31.480691+00:00,2026-08-07 23:40 (Local Time),ZYGI,,,,,1,9,24.3,24.5,27.9,24.2,1.3,0.3,,,0.0,,,,83.0,0.0,,,0.668777,,
2026-08-07T21:20:00+00:00,2026-08-07T21:24:13.647417+00:00,2026-08-07T21:24:13.647417+00:00,2026-08-08 00:10 (Local Time),ZYGI,,,,,1,9,24.3,24.3,27.9,24.1,1.1,0.0,,,353.0,,,,84.0,0.0,,,0.565888,,
2026-08-07T22:00:00+00:00,2026-08-07T22:02:24.216149+00:00,2026-08-07T22:02:24.216149+00:00,2026-08-08 00:50 (Local Time),ZYGI,,,,,1,9,23.8,24.0,27.9,23.7,0.0,0.4,,,320.0,,,,84.0,0.0,,,0.0,,
2026-08-07T22:40:00+00:00,2026-08-07T22:48:07.880375+00:00,2026-08-07T22:48:07.880375+00:00,2026-08-08 01:40 (Local Time),ZYGI,,,,,1,9,24.1,23.7,27.9,23.7,0.8,0.2,,,5.0,,,,86.0,0.0,,,0.411555,,
2026-08-07T23:20:00+00:00,2026-08-07T23:20:53.771420+00:00,2026-08-07T23:20:53.771420+00:00,2026-08-08 02:10 (Local Time),ZYGI,,,,,1,9,23.4,23.3,27.9,23.3,1.3,0.0,,,352.0,,,,83.0,0.0,,,0.668777,,
2026-08-07T23:50:00+00:00,2026-08-07T23:52:55.225887+00:00,2026-08-07T23:52:55.225887+00:00,2026-08-08 02:40 (Local Time),ZYGI,,,,,1,9,22.7,22.8,27.9,22.7,1.1,0.3,,,347.0,,,,84.0,0.0,,,0.565888,,
2026-08-08T00:30:00+00:00,2026-08-08T00:35:46.145233+00:00,2026-08-08T00:35:46.145233+00:00,2026-08-08 03:30 (Local Time),ZYGI,,,,,1,9,22.1,22.2,27.9,22.0,1.4,0.1,,,347.0,,,,83.0,0.0,,,0.720222,,
2026-08-08T02:30:00+00:00,2026-08-08T02:31:49.578150+00:00,2026-08-08T02:31:49.578150+00:00,2026-08-08 05:20 (Local Time),ZYGI,,,,,1,9,22.1,21.8,27.9,22.0,1.7,0.1,,,325.0,,,,85.0,0.0,,,0.874555,,
2026-08-08T03:50:00+00:00,2026-08-08T03:52:13.415238+00:00,2026-08-08T03:52:13.415238+00:00,2026-08-08 06:40 (Local Time),ZYGI,,,,,1,9,23.1,23.2,27.9,21.8,1.5,0.1,,,349.0,,,,84.0,0.0,,,0.771666,,
2026-08-08T04:40:00+00:00,2026-08-08T04:42:47.780630+00:00,2026-08-08T04:42:47.780630+00:00,2026-08-08 07:30 (Local Time),ZYGI,,,,,1,9,26.5,29.3,27.9,21.8,2.4,0.4,,,356.0,,,,76.0,0.0,,,1.234666,,
2026-08-08T05:20:00+00:00,2026-08-08T05:25:28.947645+00:00,2026-08-08T05:25:28.947645+00:00,2026-08-08 08:20 (Local Time),ZYGI,,,,,1,9,29.9,34.6,30.0,21.8,2.5,0.6,,,66.0,,,,68.0,0.0,,,1.28611,,
2026-08-08T06:00:00+00:00,2026-08-08T06:03:32.040129+00:00,2026-08-08T06:03:32.040129+00:00,2026-08-08 08:50 (Local Time),ZYGI,,,,,1,9,31.1,38.1,31.2,21.8,1.2,0.8,,,80.0,,,,63.0,0.0,,,0.617333,,
2026-08-08T07:00:00+00:00,2026-08-08T07:07:20.410039+00:00,2026-08-08T07:07:20.410039+00:00,2026-08-08 10:00 (Local Time),ZYGI,,,,,1,9,30.7,38.1,31.2,21.8,5.1,1.4,,,112.0,,,,67.0,0.0,,,2.623664,,
2026-08-08T07:50:00+00:00,2026-08-08T07:58:51.631123+00:00,2026-08-08T07:58:51.631123+00:00,2026-08-08 10:50 (Local Time),ZYGI,,,,,1,9,31.6,39.6,31.8,21.8,6.1,1.8,,,134.0,,,,61.0,0.0,,,3.138108,,
2026-08-08T08:50:00+00:00,2026-08-08T08:52:28.349995+00:00,2026-08-08T08:52:28.349995+00:00,2026-08-08 11:40 (Local Time),ZYGI,,,,,1,9,32.0,40.9,32.3,21.8,6.3,1.6,,,135.0,,,,59.0,0.0,,,3.240997,,
2026-08-08T09:20:00+00:00,2026-08-08T09:23:10.578827+00:00,2026-08-08T09:23:10.578827+00:00,2026-08-08 12:10 (Local Time),ZYGI,,,,,1,9,32.3,42.0,33.0,21.8,5.2,1.7,,,148.0,,,,57.0,0.0,,,2.675109,,
2026-08-08T09:50:00+00:00,2026-08-08T09:59:44.805692+00:00,2026-08-08T09:59:44.805692+00:00,2026-08-08 12:50 (Local Time),ZYGI,,,,,1,9,32.6,42.0,33.0,21.8,4.3,1.5,,,198.0,,,,59.0,0.0,,,2.212109,,
2026-08-08T10:40:00+00:00,2026-08-08T10:42:34.764373+00:00,2026-08-08T10:42:34.764373+00:00,2026-08-08 13:30 (Local Time),ZYGI,,,,,1,9,32.6,41.9,33.3,21.8,3.6,1.6,,,202.0,,,,59.0,0.0,,,1.851998,,
2026-08-08T11:00:00+00:00,2026-08-08T11:05:38.126394+00:00,2026-08-08T11:05:38.126394+00:00,2026-08-08 14:00 (Local Time),ZYGI,,,,,1,9,33.0,41.7,33.8,21.8,4.5,1.8,,,208.0,,,,60.0,0.0,,,2.314998,,
2026-08-08T11:30:00+00:00,2026-08-08T11:37:57.420178+00:00,2026-08-08T11:37:57.420178+00:00,2026-08-08 14:30 (Local Time),ZYGI,,,,,1,9,32.8,41.6,33.8,21.8,3.8,1.6,,,225.0,,,,61.0,0.0,,,1.954887,,
2026-08-08T12:00:00+00:00,2026-08-08T12:01:40.519287+00:00,2026-08-08T12:01:40.519287+00:00,2026-08-08 14:50 (Local Time),ZYGI,,,,,1,9,32.5,41.7,33.8,21.8,2.9,1.4,,,219.0,,,,61.0,0.0,,,1.491888,,
2026-08-08T13:00:00+00:00,2026-08-08T13:05:07.527118+00:00,2026-08-08T13:05:07.527118+00:00,2026-08-08 16:00 (Local Time),ZYGI,,,,,1,9,33.3,40.3,33.8,21.8,2.7,1.2,,,214.0,,,,54.0,0.0,,,1.388999,,
2026-08-08T13:50:00+00:00,2026-08-08T13:52:44.933667+00:00,2026-08-08T13:52:44.933667+00:00,2026-08-08 16:40 (Local Time),ZYGI,,,,,1,9,32.5,37.4,33.8,21.8,4.5,2.2,,,213.0,,,,50.0,0.0,,,2.314998,,
2026-08-08T14:10:00+00:00,2026-08-08T14:19:59.948982+00:00,2026-08-08T14:19:59.948982+00:00,2026-08-08 17:10 (Local Time),ZYGI,,,,,1,9,32.3,36.6,33.8,21.8,6.0,2.3,,,207.0,,,,57.0,0.0,,,3.086664,,
2026-08-08T14:50:00+00:00,2026-08-08T14:54:01.012378+00:00,2026-08-08T14:54:01.012378+00:00,2026-08-08 17:40 (Local Time),ZYGI,,,,,1,9,31.3,34.9,33.8,21.8,3.7,2.1,,,214.0,,,,68.0,0.0,,,1.903443,,
2026-08-08T15:10:00+00:00,2026-08-08T15:17:42.050889+00:00,2026-08-08T15:17:42.050889+00:00,2026-08-08 18:10 (Local Time),ZYGI,,,,,1,9,30.0,32.8,33.8,21.8,4.5,1.7,,,211.0,,,,76.0,0.0,,,2.314998,,
2026-08-08T15:50:00+00:00,2026-08-08T15:51:21.295107+00:00,2026-08-08T15:51:21.295107+00:00,2026-08-08 18:40 (Local Time),ZYGI,,,,,1,9,29.8,31.5,33.8,21.8,2.3,0.9,,,217.0,,,,77.0,0.0,,,1.183221,,
2026-08-08T16:10:00+00:00,2026-08-08T16:15:10.636456+00:00,2026-08-08T16:15:10.636456+00:00,2026-08-08 19:10 (Local Time),ZYGI,,,,,1,9,29.6,30.7,33.8,21.8,0.9,0.4,,,193.0,,,,76.0,0.0,,,0.463,,
2026-08-08T16:50:00+00:00,2026-08-08T16:53:09.905586+00:00,2026-08-08T16:53:09.905586+00:00,2026-08-08 19:40 (Local Time),ZYGI,,,,,1,9,29.0,29.6,33.8,21.8,1.5,0.3,,,105.0,,,,80.0,0.0,,,0.771666,,
2026-08-08T17:10:00+00:00,2026-08-08T17:17:49.747556+00:00,2026-08-08T17:17:49.747556+00:00,2026-08-08 20:10 (Local Time),ZYGI,,,,,1,9,28.2,28.5,33.8,21.8,1.0,0.1,,,273.0,,,,81.0,0.0,,,0.514444,,
2026-08-08T17:50:00+00:00,2026-08-08T17:52:24.789230+00:00,2026-08-08T17:52:24.789230+00:00,2026-08-08 20:40 (Local Time),ZYGI,,,,,1,9,27.7,27.9,33.8,21.8,2.2,0.7,,,43.0,,,,82.0,0.0,,,1.131777,,
2026-08-08T18:10:00+00:00,2026-08-08T18:16:38.114895+00:00,2026-08-08T18:16:38.114895+00:00,2026-08-08 21:10 (Local Time),ZYGI,,,,,1,9,27.0,27.2,27.2,26.9,1.1,0.2,,,325.0,,,,84.0,0.0,,,0.565888,,
2026-08-08T19:00:00+00:00,2026-08-08T19:01:12.685350+00:00,2026-08-08T19:01:12.685350+00:00,2026-08-08 21:50 (Local Time),ZYGI,,,,,1,9,25.9,26.1,27.2,25.7,0.7,0.2,,,326.0,,,,85.0,0.0,,,0.360111,,
2026-08-08T19:30:00+00:00,2026-08-08T19:37:04.247174+00:00,2026-08-08T19:37:04.247174+00:00,2026-08-08 22:30 (Local Time),ZYGI,,,,,1,9,24.6,24.8,27.2,24.5,0.7,0.1,,,350.0,,,,84.0,0.0,,,0.360111,,
2026-08-08T19:50:00+00:00,2026-08-08T19:58:15.736177+00:00,2026-08-08T19:58:15.736177+00:00,2026-08-08 22:50 (Local Time),ZYGI,,,,,1,9,23.9,24.2,27.2,23.8,1.5,0.3,,,313.0,,,,81.0,0.0,,,0.771666,,
2026-08-08T20:30:00+00:00,2026-08-08T20:39:25.689476+00:00,2026-08-08T20:39:25.689476+00:00,2026-08-08 23:30 (Local Time),ZYGI,,,,,1,9,23.6,23.7,27.2,23.3,2.3,0.5,,,325.0,,,,72.0,0.0,,,1.183221,,
2026-08-08T21:00:00+00:00,2026-08-08T21:04:42.616870+00:00,2026-08-08T21:04:42.616870+00:00,2026-08-08 23:50 (Local Time),ZYGI,,,,,1,9,24.0,23.8,27.2,23.3,1.8,0.5,,,325.0,,,,67.0,0.0,,,0.925999,,
2026-08-08T21:30:00+00:00,2026-08-08T21:39:57.327136+00:00,2026-08-08T21:39:57.327136+00:00,2026-08-09 00:30 (Local Time),ZYGI,,,,,1,9,24.0,23.5,27.2,23.3,1.6,0.5,,,332.0,,,,63.0,0.0,,,0.82311,,
2026-08-08T22:00:00+00:00,2026-08-08T22:01:43.763539+00:00,2026-08-08T22:01:43.763539+00:00,2026-08-09 00:50 (Local Time),ZYGI,,,,,1,9,24.4,23.7,27.2,23.3,2.5,0.7,,,351.0,,,,59.0,0.0,,,1.28611,,
2026-08-08T22:30:00+00:00,2026-08-08T22:38:32.486656+00:00,2026-08-08T22:38:32.486656+00:00,2026-08-09 01:30 (Local Time),ZYGI,,,,,1,9,25.0,24.3,27.2,23.3,1.8,0.7,,,350.0,,,,61.0,0.0,,,0.925999,,
2026-08-08T23:00:00+00:00,2026-08-08T23:03:54.714136+00:00,2026-08-08T23:03:54.714136+00:00,2026-08-09 01:50 (Local Time),ZYGI,,,,,1,9,24.6,23.9,27.2,23.3,2.4,0.8,,,357.0,,,,62.0,0.0,,,1.234666,,
2026-08-08T23:30:00+00:00,2026-08-08T23:37:47.941086+00:00,2026-08-08T23:37:47.941086+00:00,2026-08-09 02:30 (Local Time),ZYGI,,,,,1,9,24.8,23.8,27.2,23.3,2.3,0.8,,,354.0,,,,62.0,0.0,,,1.183221,,
2026-08-09T00:00:00+00:00,2026-08-09T00:02:12.884845+00:00,2026-08-09T00:02:12.884845+00:00,2026-08-09 02:50 (Local Time),ZYGI,,,,,1,9,24.6,23.7,27.2,23.3,2.8,0.6,,,348.0,,,,61.0,0.0,,,1.440443,,
2026-08-09T02:20:00+00:00,2026-08-09T02:21:37.947672+00:00,2026-08-09T02:21:37.947672+00:00,2026-08-09 05:10 (Local Time),ZYGI,,,,,1,9,23.7,22.9,27.2,23.3,3.6,1.0,,,348.0,,,,58.0,0.0,,,1.851998,,
2026-08-09T03:50:00+00:00,2026-08-09T03:55:33.297306+00:00,2026-08-09T03:55:33.297306+00:00,2026-08-09 06:50 (Local Time),ZYGI,,,,,1,9,23.5,22.4,27.2,23.3,2.4,0.5,,,319.0,,,,53.0,0.0,,,1.234666,,
2026-08-09T04:50:00+00:00,2026-08-09T04:56:45.317751+00:00,2026-08-09T04:56:45.317751+00:00,2026-08-09 07:50 (Local Time),ZYGI,,,,,1,9,27.9,33.5,28.2,23.3,1.9,0.3,,,328.0,,,,42.0,0.0,,,0.977444,,
2026-08-09T05:40:00+00:00,2026-08-09T05:43:25.690264+00:00,2026-08-09T05:43:25.690264+00:00,2026-08-09 08:30 (Local Time),ZYGI,,,,,1,9,32.5,39.4,32.9,23.3,0.0,0.4,,,172.0,,,,28.0,0.0,,,0.0,,
2026-08-09T06:20:00+00:00,2026-08-09T06:29:17.751415+00:00,2026-08-09T06:29:17.751415+00:00,2026-08-09 09:20 (Local Time),ZYGI,,,,,1,9,32.6,39.8,33.2,23.3,3.5,1.3,,,178.0,,,,34.0,0.0,,,1.800554,,
2026-08-09T07:30:00+00:00,2026-08-09T07:36:23.059223+00:00,2026-08-09T07:36:23.059223+00:00,2026-08-09 10:30 (Local Time),ZYGI,,,,,1,9,33.0,41.9,33.3,23.3,5.6,1.5,,,137.0,,,,43.0,0.0,,,2.880886,,
